id,year,age,tm,lg,g,pa,ab,r,h,2b,3b,hr,rbi,sb,cs,bb,so,ba,obp,slg,ops,ops+,tb,gdp,hbp,sh,sf,ibb
SosaSa,1989,20,TOT,AL,58,203,183,27,47,8,0,4,13,7,5,11,47,0.257,0.303,0.366,0.669,89,67,6,2,5,2,2
SosaSa,1989,20,TEX,AL,25,88,84,8,20,3,0,1,3,0,2,0,20,0.238,0.238,0.31,0.548,52,26,3,0,4,0,0
SosaSa,1989,20,CHW,AL,33,115,99,19,27,5,0,3,10,7,3,11,27,0.273,0.351,0.414,0.765,118,41,3,2,1,2,2
SosaSa,1990,21,CHW,AL,153,579,532,72,124,26,10,15,70,32,16,33,150,0.233,0.282,0.404,0.687,92,215,10,6,2,6,4
SosaSa,1991,22,CHW,AL,116,338,316,39,64,10,1,10,33,13,6,14,98,0.203,0.24,0.335,0.576,59,106,5,2,5,1,2
SosaSa,1992,23,CHC,NL,67,291,262,41,68,7,2,8,25,15,7,19,63,0.26,0.317,0.393,0.71,98,103,4,4,4,2,1
SosaSa,1993,24,CHC,NL,159,641,598,92,156,25,5,33,93,36,11,38,135,0.261,0.309,0.485,0.794,112,290,14,4,0,1,6
SosaSa,1994,25,CHC,NL,105,458,426,59,128,17,6,25,70,22,13,25,92,0.3,0.339,0.545,0.884,127,232,7,2,1,4,1
SosaSa,1995,26,CHC,NL,144,629,564,89,151,17,3,36,119,34,7,58,134,0.268,0.34,0.5,0.84,122,282,8,5,0,2,11
SosaSa,1996,27,CHC,NL,124,541,498,84,136,21,2,40,100,18,5,34,134,0.273,0.323,0.564,0.888,127,281,14,5,0,4,6
SosaSa,1997,28,CHC,NL,162,694,642,90,161,31,4,36,119,22,12,45,174,0.251,0.3,0.48,0.779,99,308,16,2,0,5,9
SosaSa,1998,29,CHC,NL,159,722,643,134,198,20,0,66,158,18,9,73,171,0.308,0.377,0.647,1.024,160,416,20,1,0,5,14
SosaSa,1999,30,CHC,NL,162,712,625,114,180,24,2,63,141,7,8,78,171,0.288,0.367,0.635,1.002,151,397,17,3,0,6,8
SosaSa,2000,31,CHC,NL,156,705,604,106,193,38,1,50,138,7,4,91,168,0.32,0.406,0.634,1.04,161,383,12,2,0,8,19
SosaSa,2001,32,CHC,NL,160,711,577,146,189,34,5,64,160,0,2,116,153,0.328,0.437,0.737,1.174,203,425,6,6,0,12,37
SosaSa,2002,33,CHC,NL,150,666,556,122,160,19,2,49,108,2,0,103,144,0.288,0.399,0.594,0.993,160,330,14,3,0,4,15
SosaSa,2003,34,CHC,NL,137,589,517,99,144,22,0,40,103,0,1,62,143,0.279,0.358,0.553,0.911,133,286,14,5,0,5,9
SosaSa,2004,35,CHC,NL,126,539,478,69,121,21,0,35,80,0,0,56,133,0.253,0.332,0.517,0.849,114,247,9,2,0,3,4
SosaSa,2005,36,BAL,AL,102,424,380,39,84,15,1,14,45,1,1,39,84,0.221,0.295,0.376,0.671,78,143,15,2,0,3,3
SosaSa,2007,38,TEX,AL,114,454,412,53,104,24,1,21,92,0,0,34,112,0.252,0.311,0.468,0.779,101,193,11,3,0,5,3
BondsBa,1986,21,PIT,NL,113,484,413,72,92,26,3,16,48,36,7,65,102,0.223,0.33,0.416,0.746,103,172,4,2,2,2,2
BondsBa,1987,22,PIT,NL,150,611,551,99,144,34,9,25,59,32,10,54,88,0.261,0.329,0.492,0.821,114,271,4,3,0,3,3
BondsBa,1988,23,PIT,NL,144,614,538,97,152,30,5,24,58,17,11,72,82,0.283,0.368,0.491,0.859,148,264,3,2,0,2,14
BondsBa,1989,24,PIT,NL,159,679,580,96,144,34,6,19,58,32,10,93,93,0.248,0.351,0.426,0.777,126,247,9,1,1,4,22
BondsBa,1990,25,PIT,NL,151,621,519,104,156,32,3,33,114,52,13,93,83,0.301,0.406,0.565,0.97,170,293,8,3,0,6,15
BondsBa,1991,26,PIT,NL,153,634,510,95,149,28,5,25,116,43,13,107,73,0.292,0.41,0.514,0.924,160,262,8,4,0,13,25
BondsBa,1992,27,PIT,NL,140,612,473,109,147,36,5,34,103,39,8,127,69,0.311,0.456,0.624,1.08,204,295,9,5,0,7,32
BondsBa,1993,28,SFG,NL,159,674,539,129,181,38,4,46,123,29,12,126,79,0.336,0.458,0.677,1.136,206,365,11,2,0,7,43
BondsBa,1994,29,SFG,NL,112,474,391,89,122,18,1,37,81,29,9,74,43,0.312,0.426,0.647,1.073,183,253,3,6,0,3,18
BondsBa,1995,30,SFG,NL,144,635,506,109,149,30,7,33,104,31,10,120,83,0.294,0.431,0.577,1.009,170,292,12,5,0,4,22
BondsBa,1996,31,SFG,NL,158,675,517,122,159,27,3,42,129,40,7,151,76,0.308,0.461,0.615,1.076,188,318,11,1,0,6,30
BondsBa,1997,32,SFG,NL,159,690,532,123,155,26,5,40,101,37,8,145,87,0.291,0.446,0.585,1.031,170,311,13,8,0,5,34
BondsBa,1998,33,SFG,NL,156,697,552,120,167,44,7,37,122,28,12,130,92,0.303,0.438,0.609,1.047,178,336,15,8,1,6,29
BondsBa,1999,34,SFG,NL,102,434,355,91,93,20,2,34,83,15,2,73,62,0.262,0.389,0.617,1.006,156,219,6,3,0,3,9
BondsBa,2000,35,SFG,NL,143,607,480,129,147,28,4,49,106,11,3,117,77,0.306,0.44,0.688,1.127,188,330,6,3,0,7,22
BondsBa,2001,36,SFG,NL,153,664,476,129,156,32,2,73,137,13,3,177,93,0.328,0.515,0.863,1.379,259,411,5,9,0,2,35
BondsBa,2002,37,SFG,NL,143,612,403,117,149,31,2,46,110,9,2,198,47,0.37,0.582,0.799,1.381,268,322,4,9,0,2,68
BondsBa,2003,38,SFG,NL,130,550,390,111,133,22,1,45,90,7,0,148,58,0.341,0.529,0.749,1.278,231,292,7,10,0,2,61
BondsBa,2004,39,SFG,NL,147,617,373,129,135,27,3,45,101,6,1,232,41,0.362,0.609,0.812,1.422,263,303,5,9,0,3,120
BondsBa,2005,40,SFG,NL,14,52,42,8,12,1,0,5,10,0,0,9,6,0.286,0.404,0.667,1.071,174,28,0,0,0,1,3
BondsBa,2006,41,SFG,NL,130,493,367,74,99,23,0,26,77,3,0,115,51,0.27,0.454,0.545,0.999,156,200,9,10,0,1,38
BondsBa,2007,42,SFG,NL,126,477,340,75,94,14,0,28,66,5,0,132,54,0.276,0.48,0.565,1.045,169,192,13,3,0,2,43
McGwiMa,1986,22,OAK,AL,18,58,53,10,10,1,0,3,9,0,1,4,18,0.189,0.259,0.377,0.636,77,20,0,1,0,0,0
McGwiMa,1987,23,OAK,AL,151,641,557,97,161,28,4,49,118,1,1,71,131,0.289,0.37,0.618,0.987,164,344,6,5,0,8,8
McGwiMa,1988,24,OAK,AL,155,635,550,87,143,22,1,32,99,0,0,76,117,0.26,0.352,0.478,0.83,134,263,15,4,1,4,4
McGwiMa,1989,25,OAK,AL,143,587,490,74,113,17,0,33,95,1,1,83,94,0.231,0.339,0.467,0.806,129,229,23,3,0,11,5
McGwiMa,1990,26,OAK,AL,156,650,523,87,123,16,0,39,108,2,1,110,116,0.235,0.37,0.489,0.859,144,256,13,7,1,9,9
McGwiMa,1991,27,OAK,AL,154,585,483,62,97,22,0,22,75,2,1,93,116,0.201,0.33,0.383,0.714,103,185,13,3,1,5,3
McGwiMa,1992,28,OAK,AL,139,571,467,87,125,22,0,42,104,0,1,90,105,0.268,0.385,0.585,0.97,176,273,10,5,0,9,12
McGwiMa,1993,29,OAK,AL,27,107,84,16,28,6,0,9,24,0,1,21,19,0.333,0.467,0.726,1.193,225,61,0,1,0,1,5
McGwiMa,1994,30,OAK,AL,47,172,135,26,34,3,0,9,25,0,0,37,40,0.252,0.413,0.474,0.887,138,64,3,0,0,0,3
McGwiMa,1995,31,OAK,AL,104,422,317,75,87,13,0,39,90,1,1,88,77,0.274,0.441,0.685,1.125,200,217,9,11,0,6,5
McGwiMa,1996,32,OAK,AL,130,548,423,104,132,21,0,52,113,0,0,116,112,0.312,0.467,0.73,1.198,196,309,14,8,0,1,16
McGwiMa,1997,33,TOT,MLB,156,657,540,86,148,27,0,58,123,3,0,101,159,0.274,0.393,0.646,1.039,170,349,9,9,0,7,16
McGwiMa,1997,33,OAK,AL,105,433,366,48,104,24,0,34,81,1,0,58,98,0.284,0.383,0.628,1.012,164,230,9,4,0,5,8
McGwiMa,1997,33,STL,NL,51,224,174,38,44,3,0,24,42,2,0,43,61,0.253,0.411,0.684,1.095,182,119,0,5,0,2,8
McGwiMa,1998,34,STL,NL,155,681,509,130,152,21,0,70,147,1,0,162,155,0.299,0.47,0.752,1.222,216,383,8,6,0,4,28
McGwiMa,1999,35,STL,NL,153,661,521,118,145,21,1,65,147,0,0,133,141,0.278,0.424,0.697,1.12,176,363,12,2,0,5,21
McGwiMa,2000,36,STL,NL,89,321,236,60,72,8,0,32,73,1,0,76,78,0.305,0.483,0.746,1.229,203,176,5,7,0,2,12
McGwiMa,2001,37,STL,NL,97,364,299,48,56,4,0,29,64,0,0,56,118,0.187,0.316,0.492,0.808,105,147,7,3,0,6,3
MatsuiHi,2003,29,NYY,AL,163,695,623,82,179,42,1,16,106,2,2,63,86,0.287,0.353,0.435,0.788,109,271,25,3,0,6,5
MatsuiHi,2004,30,NYY,AL,162,680,584,109,174,34,2,31,108,3,0,88,103,0.298,0.39,0.522,0.912,137,305,11,3,0,5,2
MatsuiHi,2005,31,NYY,AL,162,704,629,108,192,45,3,23,116,2,2,63,78,0.305,0.367,0.496,0.863,130,312,16,3,0,8,7
MatsuiHi,2006,32,NYY,AL,51,201,172,32,52,9,0,8,29,1,0,27,23,0.302,0.393,0.494,0.887,128,85,6,0,0,2,2
MatsuiHi,2007,33,NYY,AL,143,634,547,100,156,28,4,25,103,4,2,73,73,0.285,0.367,0.488,0.855,123,267,9,3,0,10,2
MatsuiHi,2008,34,NYY,AL,93,378,337,43,99,17,0,9,45,0,0,38,47,0.294,0.37,0.424,0.795,108,143,10,3,0,0,6
MatsuiHi,2009,35,NYY,AL,142,528,456,62,125,21,1,28,90,0,1,64,75,0.274,0.367,0.509,0.876,123,232,4,4,0,2,1
MatsuiHi,2010,36,LAA,AL,145,558,482,55,132,24,1,21,84,0,1,67,98,0.274,0.361,0.459,0.82,126,221,10,1,0,4,6
MatsuiHi,2011,37,OAK,AL,141,585,517,58,130,28,0,12,72,1,1,56,84,0.251,0.321,0.375,0.696,93,194,10,1,0,9,3
MatsuiHi,2012,38,TBR,AL,34,103,95,7,14,1,0,2,7,0,0,8,22,0.147,0.214,0.221,0.435,23,21,5,0,0,0,1
RodriAl,1994,18,SEA,AL,17,59,54,4,11,0,0,0,2,3,0,3,20,0.204,0.241,0.204,0.445,16,11,0,0,1,1,0
RodriAl,1995,19,SEA,AL,48,149,142,15,33,6,2,5,19,4,2,6,42,0.232,0.264,0.408,0.672,72,58,0,0,1,0,0
RodriAl,1996,20,SEA,AL,146,677,601,141,215,54,1,36,123,15,4,59,104,0.358,0.414,0.631,1.045,161,379,15,4,6,7,1
RodriAl,1997,21,SEA,AL,141,638,587,100,176,40,3,23,84,29,6,41,99,0.3,0.35,0.496,0.846,120,291,14,5,4,1,1
RodriAl,1998,22,SEA,AL,161,748,686,123,213,35,5,42,124,46,13,45,121,0.31,0.36,0.56,0.919,136,384,12,10,3,4,0
RodriAl,1999,23,SEA,AL,129,572,502,110,143,25,0,42,111,21,7,56,109,0.285,0.357,0.586,0.943,134,294,12,5,1,8,2
RodriAl,2000,24,SEA,AL,148,672,554,134,175,34,2,41,132,15,4,100,121,0.316,0.42,0.606,1.026,163,336,10,7,0,11,5
RodriAl,2001,25,TEX,AL,162,732,632,133,201,34,1,52,135,18,3,75,131,0.318,0.399,0.622,1.021,160,393,17,16,0,9,6
RodriAl,2002,26,TEX,AL,162,725,624,125,187,27,2,57,142,9,4,87,122,0.3,0.392,0.623,1.015,158,389,14,10,0,4,12
RodriAl,2003,27,TEX,AL,161,715,607,124,181,30,6,47,118,17,3,87,126,0.298,0.396,0.6,0.995,147,364,16,15,0,6,10
RodriAl,2004,28,NYY,AL,155,698,601,112,172,24,2,36,106,28,4,80,131,0.286,0.375,0.512,0.888,131,308,18,10,0,7,6
RodriAl,2005,29,NYY,AL,162,715,605,124,194,29,1,48,130,21,6,91,139,0.321,0.421,0.61,1.031,173,369,8,16,0,3,8
RodriAl,2006,30,NYY,AL,154,674,572,113,166,26,1,35,121,15,4,90,139,0.29,0.392,0.523,0.914,134,299,22,8,0,4,8
RodriAl,2007,31,NYY,AL,158,708,583,143,183,31,0,54,156,24,4,95,120,0.314,0.422,0.645,1.067,176,376,15,21,0,9,11
RodriAl,2008,32,NYY,AL,138,594,510,104,154,33,0,35,103,18,3,65,117,0.302,0.392,0.573,0.965,150,292,16,14,0,5,9
RodriAl,2009,33,NYY,AL,124,535,444,78,127,17,1,30,100,14,2,80,97,0.286,0.402,0.532,0.933,138,236,13,8,0,3,7
RodriAl,2010,34,NYY,AL,137,595,522,74,141,29,2,30,125,4,3,59,98,0.27,0.341,0.506,0.847,123,264,7,3,0,11,1
RodriAl,2011,35,NYY,AL,99,428,373,67,103,21,0,16,62,4,1,47,80,0.276,0.362,0.461,0.823,119,172,13,5,0,3,1
RodriAl,2012,36,NYY,AL,122,529,463,74,126,17,1,18,57,13,1,51,116,0.272,0.353,0.43,0.783,111,199,13,10,0,5,3
RodriAl,2013,37,NYY,AL,44,181,156,21,38,7,0,7,19,4,2,23,43,0.244,0.348,0.423,0.771,113,66,5,2,0,0,1
RodriAl,2015,39,NYY,AL,151,620,523,83,131,22,1,33,86,4,0,84,145,0.25,0.356,0.486,0.842,129,254,17,6,0,7,5
RodriAl,2016,40,NYY,AL,65,243,225,19,45,7,0,9,31,3,0,14,67,0.2,0.247,0.351,0.598,58,79,4,1,0,3,0
SheffGa,1988,19,MIL,AL,24,89,80,12,19,1,0,4,12,3,1,7,7,0.238,0.295,0.4,0.695,93,32,5,0,1,1,0
SheffGa,1989,20,MIL,AL,95,405,368,34,91,18,0,5,32,10,6,27,33,0.247,0.303,0.337,0.64,82,124,4,4,3,3,0
SheffGa,1990,21,MIL,AL,125,547,487,67,143,30,1,10,67,25,10,44,41,0.294,0.35,0.421,0.771,116,205,11,3,4,9,1
SheffGa,1991,22,MIL,AL,50,203,175,25,34,12,2,2,22,5,5,19,15,0.194,0.277,0.32,0.597,67,56,3,3,1,5,1
SheffGa,1992,23,SDP,NL,146,618,557,87,184,34,3,33,100,5,6,48,40,0.33,0.385,0.58,0.965,168,323,19,6,0,7,5
SheffGa,1993,24,TOT,NL,140,557,494,67,145,20,5,20,73,17,5,47,64,0.294,0.361,0.476,0.837,120,235,11,9,0,7,6
SheffGa,1993,24,SDP,NL,68,282,258,34,76,12,2,10,36,5,1,18,30,0.295,0.344,0.473,0.817,116,122,9,3,0,3,0
SheffGa,1993,24,FLA,NL,72,275,236,33,69,8,3,10,37,12,4,29,34,0.292,0.378,0.479,0.857,125,113,2,6,0,4,6
SheffGa,1994,25,FLA,NL,87,384,322,61,89,16,1,27,78,12,6,51,50,0.276,0.38,0.584,0.964,145,188,10,6,0,5,11
SheffGa,1995,26,FLA,NL,63,274,213,46,69,8,0,16,46,19,4,55,45,0.324,0.467,0.587,1.054,177,125,3,4,0,2,8
SheffGa,1996,27,FLA,NL,161,677,519,118,163,33,1,42,120,16,9,142,66,0.314,0.465,0.624,1.09,189,324,16,10,0,6,19
SheffGa,1997,28,FLA,NL,135,582,444,86,111,22,1,21,71,11,7,121,79,0.25,0.424,0.446,0.87,134,198,7,15,0,2,11
SheffGa,1998,29,TOT,NL,130,549,437,73,132,27,2,22,85,22,7,95,46,0.302,0.428,0.524,0.952,155,229,7,8,0,9,12
SheffGa,1998,29,FLA,NL,40,166,136,21,37,11,1,6,28,4,2,26,16,0.272,0.392,0.5,0.892,139,68,3,2,0,2,1
SheffGa,1998,29,LAD,NL,90,383,301,52,95,16,1,16,57,18,5,69,30,0.316,0.444,0.535,0.979,162,161,4,6,0,7,11
SheffGa,1999,30,LAD,NL,152,663,549,103,165,20,0,34,101,11,5,101,64,0.301,0.407,0.523,0.93,140,287,10,4,0,9,4
SheffGa,2000,31,LAD,NL,141,612,501,105,163,24,3,43,109,4,6,101,71,0.325,0.438,0.643,1.081,176,322,13,4,0,6,7
SheffGa,2001,32,LAD,NL,143,618,515,98,160,28,2,36,100,10,4,94,67,0.311,0.417,0.583,1,164,300,12,4,0,5,13
SheffGa,2002,33,ATL,NL,135,579,492,82,151,26,0,25,84,12,2,72,53,0.307,0.404,0.512,0.916,138,252,16,11,0,4,2
SheffGa,2003,34,ATL,NL,155,678,576,126,190,37,2,39,132,18,4,86,55,0.33,0.419,0.604,1.023,162,348,16,8,0,8,6
SheffGa,2004,35,NYY,AL,154,684,573,117,166,30,1,36,121,5,6,92,83,0.29,0.393,0.534,0.927,141,306,16,11,0,8,7
SheffGa,2005,36,NYY,AL,154,675,584,104,170,27,0,34,123,10,2,78,76,0.291,0.379,0.512,0.891,137,299,11,8,0,5,7
SheffGa,2006,37,NYY,AL,39,166,151,22,45,5,0,6,25,5,1,13,16,0.298,0.355,0.45,0.806,107,68,6,1,0,1,2
SheffGa,2007,38,DET,AL,133,593,494,107,131,20,1,25,75,22,5,84,71,0.265,0.378,0.462,0.839,119,228,10,9,0,6,2
SheffGa,2008,39,DET,AL,114,482,418,52,94,16,0,19,57,9,2,58,83,0.225,0.326,0.4,0.725,90,167,19,5,0,1,3
SheffGa,2009,40,NYM,NL,100,312,268,44,74,13,2,10,43,2,1,40,46,0.276,0.372,0.451,0.823,119,121,10,2,0,2,3
RamirMa,1993,21,CLE,AL,22,55,53,5,9,1,0,2,5,0,0,2,8,0.17,0.2,0.302,0.502,33,16,3,0,0,0,0
RamirMa,1994,22,CLE,AL,91,336,290,51,78,22,0,17,60,4,2,42,72,0.269,0.357,0.521,0.878,125,151,6,0,0,4,4
RamirMa,1995,23,CLE,AL,137,571,484,85,149,26,1,31,107,6,6,75,112,0.308,0.402,0.558,0.96,147,270,13,5,2,5,6
RamirMa,1996,24,CLE,AL,152,647,550,94,170,45,3,33,112,8,5,85,104,0.309,0.399,0.582,0.981,146,320,18,3,0,9,8
RamirMa,1997,25,CLE,AL,150,651,561,99,184,40,0,26,88,2,3,79,115,0.328,0.415,0.538,0.953,144,302,19,7,0,4,5
RamirMa,1998,26,CLE,AL,150,663,571,108,168,35,2,45,145,5,3,76,121,0.294,0.377,0.599,0.976,146,342,18,6,0,10,6
RamirMa,1999,27,CLE,AL,147,640,522,131,174,34,3,44,165,2,4,96,131,0.333,0.442,0.663,1.105,174,346,12,13,0,9,9
RamirMa,2000,28,CLE,AL,118,532,439,92,154,34,2,38,122,1,1,86,117,0.351,0.457,0.697,1.154,186,306,9,3,0,4,9
RamirMa,2001,29,BOS,AL,142,620,529,93,162,33,2,41,125,0,1,81,147,0.306,0.405,0.609,1.014,162,322,9,8,0,2,25
RamirMa,2002,30,BOS,AL,120,518,436,84,152,31,0,33,107,0,0,73,85,0.349,0.45,0.647,1.097,184,282,13,8,0,1,14
RamirMa,2003,31,BOS,AL,154,679,569,117,185,36,1,37,104,3,1,97,94,0.325,0.427,0.587,1.014,159,334,22,8,0,5,28
RamirMa,2004,32,BOS,AL,152,663,568,108,175,44,0,43,130,2,4,82,124,0.308,0.397,0.613,1.009,152,348,17,6,0,7,15
RamirMa,2005,33,BOS,AL,152,650,554,112,162,30,1,45,144,1,0,80,119,0.292,0.388,0.594,0.982,153,329,20,10,0,6,9
RamirMa,2006,34,BOS,AL,130,558,449,79,144,27,1,35,102,0,1,100,102,0.321,0.439,0.619,1.058,165,278,13,1,0,8,16
RamirMa,2007,35,BOS,AL,133,569,483,84,143,33,1,20,88,0,0,71,92,0.296,0.388,0.493,0.881,126,238,21,7,0,8,13
RamirMa,2008,36,TOT,MLB,153,654,552,102,183,36,1,37,121,3,0,87,124,0.332,0.43,0.601,1.031,166,332,17,11,0,4,24
RamirMa,2008,36,BOS,AL,100,425,365,66,109,22,1,20,68,1,0,52,86,0.299,0.398,0.529,0.926,137,193,12,8,0,0,8
RamirMa,2008,36,LAD,NL,53,229,187,36,74,14,0,17,53,2,0,35,38,0.396,0.489,0.743,1.232,221,139,5,3,0,4,16
RamirMa,2009,37,LAD,NL,104,431,352,62,102,24,2,19,63,0,1,71,81,0.29,0.418,0.531,0.949,155,187,7,7,0,1,21
RamirMa,2010,38,TOT,MLB,90,320,265,38,79,16,0,9,42,1,1,46,61,0.298,0.409,0.46,0.87,138,122,6,6,0,3,4
RamirMa,2010,38,LAD,NL,66,232,196,32,61,15,0,8,40,1,1,32,38,0.311,0.405,0.51,0.915,150,100,4,1,0,3,4
RamirMa,2010,38,CHW,AL,24,88,69,6,18,1,0,1,2,0,0,14,23,0.261,0.42,0.319,0.739,104,22,2,5,0,0,0
RamirMa,2011,39,TBR,AL,5,17,17,0,1,0,0,0,1,0,0,0,4,0.059,0.059,0.059,0.118,-66,1,0,0,0,0,0
BiggioCr,1988,22,HOU,NL,50,131,123,14,26,6,1,3,5,6,1,7,29,0.211,0.254,0.35,0.603,75,43,1,0,1,0,2
BiggioCr,1989,23,HOU,NL,134,509,443,64,114,21,2,13,60,21,3,49,64,0.257,0.336,0.402,0.738,114,178,7,6,6,5,8
BiggioCr,1990,24,HOU,NL,150,621,555,53,153,24,2,4,42,25,11,53,79,0.276,0.342,0.348,0.689,93,193,11,3,9,1,1
BiggioCr,1991,25,HOU,NL,149,609,546,79,161,23,4,4,46,19,6,53,71,0.295,0.358,0.374,0.731,113,204,2,2,5,3,3
BiggioCr,1992,26,HOU,NL,162,721,613,96,170,32,3,6,39,38,15,94,95,0.277,0.378,0.369,0.747,118,226,5,7,5,2,9
BiggioCr,1993,27,HOU,NL,155,707,610,98,175,41,5,21,64,15,17,77,93,0.287,0.373,0.474,0.847,131,289,10,10,4,5,7
BiggioCr,1994,28,HOU,NL,114,511,437,88,139,44,5,6,56,39,4,62,58,0.318,0.411,0.483,0.893,138,211,5,8,2,2,1
BiggioCr,1995,29,HOU,NL,141,673,553,123,167,30,2,22,77,33,8,80,85,0.302,0.406,0.483,0.889,142,267,6,22,11,7,1
BiggioCr,1996,30,HOU,NL,162,723,605,113,174,24,4,15,75,25,7,75,72,0.288,0.386,0.415,0.801,120,251,10,27,8,8,0
BiggioCr,1997,31,HOU,NL,162,744,619,146,191,37,8,22,81,47,10,84,107,0.309,0.415,0.501,0.916,143,310,0,34,0,7,6
BiggioCr,1998,32,HOU,NL,160,738,646,123,210,51,2,20,88,50,8,64,113,0.325,0.403,0.503,0.906,139,325,10,23,1,4,6
BiggioCr,1999,33,HOU,NL,160,749,639,123,188,56,0,16,73,28,14,88,107,0.294,0.386,0.457,0.843,114,292,5,11,5,6,9
BiggioCr,2000,34,HOU,NL,101,466,377,67,101,13,5,8,35,12,2,61,73,0.268,0.388,0.393,0.78,93,148,10,16,7,5,3
BiggioCr,2001,35,HOU,NL,155,717,617,118,180,35,3,20,70,7,4,66,100,0.292,0.382,0.455,0.838,111,281,11,28,0,6,4
BiggioCr,2002,36,HOU,NL,145,655,577,96,146,36,3,15,58,16,2,50,111,0.253,0.33,0.404,0.734,88,233,15,17,9,2,2
BiggioCr,2003,37,HOU,NL,153,717,628,102,166,44,2,15,62,8,4,57,116,0.264,0.35,0.412,0.763,96,259,4,27,3,2,3
BiggioCr,2004,38,HOU,NL,156,700,633,100,178,47,0,24,63,7,2,40,94,0.281,0.337,0.469,0.806,105,297,8,15,9,3,0
BiggioCr,2005,39,HOU,NL,155,651,590,94,156,40,1,26,69,11,1,37,90,0.264,0.325,0.468,0.792,104,276,10,17,4,3,2
BiggioCr,2006,40,HOU,NL,145,607,548,79,135,33,0,21,62,3,2,40,84,0.246,0.306,0.422,0.727,84,231,15,9,5,5,1
BiggioCr,2007,41,HOU,NL,141,555,517,68,130,31,3,10,50,4,3,23,112,0.251,0.285,0.381,0.666,71,197,5,3,7,5,0
PalmeRa,1986,21,CHC,NL,22,78,73,9,18,4,0,3,12,1,1,4,6,0.247,0.295,0.425,0.72,91,31,4,1,0,0,0
PalmeRa,1987,22,CHC,NL,84,244,221,32,61,15,1,14,30,2,2,20,26,0.276,0.336,0.543,0.879,126,120,4,1,0,2,1
PalmeRa,1988,23,CHC,NL,152,629,580,75,178,41,5,8,53,12,2,38,34,0.307,0.349,0.436,0.785,121,253,11,3,2,6,6
PalmeRa,1989,24,TEX,AL,156,632,559,76,154,23,4,8,64,4,3,63,48,0.275,0.354,0.374,0.728,104,209,18,6,2,2,3
PalmeRa,1990,25,TEX,AL,154,651,598,72,191,35,6,14,89,3,3,40,59,0.319,0.361,0.468,0.829,131,280,24,3,2,8,6
PalmeRa,1991,26,TEX,AL,159,714,631,115,203,49,3,26,88,4,3,68,72,0.322,0.389,0.532,0.922,155,336,17,6,2,7,10
PalmeRa,1992,27,TEX,AL,159,701,608,84,163,27,4,22,85,2,3,72,83,0.268,0.352,0.434,0.786,123,264,10,10,5,6,8
PalmeRa,1993,28,TEX,AL,160,686,597,124,176,40,2,37,105,22,3,73,85,0.295,0.371,0.554,0.926,150,331,8,5,2,9,22
PalmeRa,1994,29,BAL,AL,111,498,436,82,139,32,0,23,76,7,3,54,63,0.319,0.392,0.55,0.942,136,240,11,2,0,6,1
PalmeRa,1995,30,BAL,AL,143,624,554,89,172,30,2,39,104,3,1,62,65,0.31,0.38,0.583,0.963,145,323,12,3,0,5,5
PalmeRa,1996,31,BAL,AL,162,732,626,110,181,40,2,39,142,8,0,95,96,0.289,0.381,0.546,0.927,132,342,9,3,0,8,12
PalmeRa,1997,32,BAL,AL,158,692,614,95,156,24,2,38,110,5,2,67,109,0.254,0.329,0.485,0.815,113,298,14,5,0,6,7
PalmeRa,1998,33,BAL,AL,162,709,619,98,183,36,1,43,121,11,7,79,91,0.296,0.379,0.565,0.945,144,350,14,7,0,4,8
PalmeRa,1999,34,TEX,AL,158,674,565,96,183,30,1,47,148,2,4,97,69,0.324,0.42,0.63,1.05,160,356,13,3,0,9,14
PalmeRa,2000,35,TEX,AL,158,678,565,102,163,29,3,39,120,2,1,103,77,0.288,0.397,0.558,0.954,138,315,14,3,0,7,17
PalmeRa,2001,36,TEX,AL,160,714,600,98,164,33,0,47,123,1,1,101,90,0.273,0.381,0.563,0.944,141,338,8,7,0,6,8
PalmeRa,2002,37,TEX,AL,155,663,546,99,149,34,0,43,105,2,0,104,94,0.273,0.391,0.571,0.962,146,312,10,6,0,7,16
PalmeRa,2003,38,TEX,AL,154,654,561,92,146,21,2,38,112,2,0,84,77,0.26,0.359,0.508,0.867,116,285,7,5,0,4,9
PalmeRa,2004,39,BAL,AL,154,651,550,68,142,29,0,23,88,2,1,86,61,0.258,0.359,0.436,0.796,108,240,15,6,0,9,15
PalmeRa,2005,40,BAL,AL,110,422,369,47,98,13,0,18,60,2,0,43,43,0.266,0.339,0.447,0.786,108,165,9,2,0,8,4
LarkiBa,1986,22,CIN,NL,41,169,159,27,45,4,3,3,19,8,0,9,21,0.283,0.32,0.403,0.722,95,64,2,0,0,1,1
LarkiBa,1987,23,CIN,NL,125,488,439,64,107,16,2,12,43,21,6,36,52,0.244,0.306,0.371,0.678,76,163,8,5,5,3,3
LarkiBa,1988,24,CIN,NL,151,652,588,91,174,32,5,12,56,40,7,41,24,0.296,0.347,0.429,0.776,119,252,7,8,10,5,3
LarkiBa,1989,25,CIN,NL,97,357,325,47,111,14,4,4,36,10,5,20,23,0.342,0.375,0.446,0.821,131,145,7,2,2,8,5
LarkiBa,1990,26,CIN,NL,158,681,614,85,185,25,6,7,67,30,5,49,49,0.301,0.358,0.396,0.753,104,243,14,7,7,4,3
LarkiBa,1991,27,CIN,NL,123,527,464,88,140,27,4,20,69,24,6,55,64,0.302,0.378,0.506,0.884,143,235,7,3,3,2,1
LarkiBa,1992,28,CIN,NL,140,609,533,76,162,32,6,12,78,15,4,63,58,0.304,0.377,0.454,0.831,131,242,13,4,2,7,8
LarkiBa,1993,29,CIN,NL,100,440,384,57,121,20,3,8,51,14,1,51,33,0.315,0.394,0.445,0.839,125,171,13,1,1,3,6
LarkiBa,1994,30,CIN,NL,110,501,427,78,119,23,5,9,52,26,2,64,58,0.279,0.369,0.419,0.788,107,179,6,0,5,5,3
LarkiBa,1995,31,CIN,NL,131,567,496,98,158,29,6,15,66,51,5,61,49,0.319,0.394,0.492,0.886,134,244,6,3,3,4,2
LarkiBa,1996,32,CIN,NL,152,627,517,117,154,32,4,33,89,36,10,96,52,0.298,0.41,0.567,0.977,155,293,20,7,0,7,3
LarkiBa,1997,33,CIN,NL,73,276,224,34,71,17,3,4,20,14,3,47,24,0.317,0.44,0.473,0.913,138,106,3,3,1,1,6
LarkiBa,1998,34,CIN,NL,145,626,538,93,166,34,10,17,72,26,3,79,69,0.309,0.397,0.504,0.901,134,271,12,2,4,3,5
LarkiBa,1999,35,CIN,NL,161,687,583,108,171,30,4,12,75,30,8,93,57,0.293,0.39,0.42,0.81,103,245,12,2,5,4,5
LarkiBa,2000,36,CIN,NL,102,447,396,71,124,26,5,11,41,14,6,48,31,0.313,0.389,0.487,0.876,118,193,10,1,2,0,0
LarkiBa,2001,37,CIN,NL,45,185,156,29,40,12,0,2,17,3,2,27,25,0.256,0.373,0.372,0.745,90,58,2,2,0,0,2
LarkiBa,2002,38,CIN,NL,145,567,507,72,124,37,2,7,47,13,4,44,57,0.245,0.305,0.367,0.672,74,186,13,3,6,7,9
LarkiBa,2003,39,CIN,NL,70,265,241,39,68,16,1,2,18,2,0,22,32,0.282,0.345,0.382,0.726,94,92,7,1,1,0,0
LarkiBa,2004,40,CIN,NL,111,386,346,55,100,15,3,8,44,2,0,34,39,0.289,0.352,0.419,0.771,101,145,16,1,2,3,1
RipkeCa,1981,20,BAL,AL,23,40,39,1,5,0,0,0,0,0,0,1,8,0.128,0.15,0.128,0.278,-19,5,4,0,0,0,0
RipkeCa,1982,21,BAL,AL,160,655,598,90,158,32,5,28,93,3,3,46,95,0.264,0.317,0.475,0.792,115,284,16,3,2,6,3
RipkeCa,1983,22,BAL,AL,162,726,663,121,211,47,2,27,102,0,4,58,97,0.318,0.371,0.517,0.888,144,343,24,0,0,5,0
RipkeCa,1984,23,BAL,AL,162,716,641,103,195,37,7,27,86,2,1,71,89,0.304,0.374,0.51,0.884,146,327,16,2,0,2,1
RipkeCa,1985,24,BAL,AL,161,718,642,116,181,32,5,26,110,2,3,67,68,0.282,0.347,0.469,0.816,124,301,32,1,0,8,1
RipkeCa,1986,25,BAL,AL,162,707,627,98,177,35,1,25,81,4,2,70,60,0.282,0.355,0.461,0.816,123,289,19,4,0,6,5
RipkeCa,1987,26,BAL,AL,162,717,624,97,157,28,3,27,98,3,5,81,77,0.252,0.333,0.436,0.769,105,272,19,1,0,11,0
RipkeCa,1988,27,BAL,AL,161,689,575,87,152,25,1,23,81,2,2,102,69,0.264,0.372,0.431,0.803,128,248,10,2,0,10,7
RipkeCa,1989,28,BAL,AL,162,712,646,80,166,30,0,21,93,3,2,57,72,0.257,0.317,0.401,0.718,105,259,22,3,0,6,5
RipkeCa,1990,29,BAL,AL,161,695,600,78,150,28,4,21,84,3,1,82,66,0.25,0.341,0.415,0.756,114,249,12,5,1,7,18
RipkeCa,1991,30,BAL,AL,162,717,650,99,210,46,5,34,114,6,1,53,46,0.323,0.374,0.566,0.94,162,368,19,5,0,9,15
RipkeCa,1992,31,BAL,AL,162,715,637,73,160,29,1,14,72,4,3,64,50,0.251,0.323,0.366,0.689,93,233,13,7,0,7,14
RipkeCa,1993,32,BAL,AL,162,718,641,87,165,26,3,24,90,1,4,65,58,0.257,0.329,0.42,0.748,97,269,17,6,0,6,19
RipkeCa,1994,33,BAL,AL,112,484,444,71,140,19,3,13,75,1,0,32,41,0.315,0.364,0.459,0.823,107,204,17,4,0,4,3
RipkeCa,1995,34,BAL,AL,144,613,550,71,144,33,2,17,88,0,1,52,59,0.262,0.324,0.422,0.745,91,232,15,2,1,8,6
RipkeCa,1996,35,BAL,AL,163,707,640,94,178,40,1,26,102,1,2,59,78,0.278,0.341,0.466,0.807,102,298,28,4,0,4,3
RipkeCa,1997,36,BAL,AL,162,686,615,79,166,30,0,17,84,1,0,56,73,0.27,0.331,0.402,0.733,93,247,19,5,0,10,3
RipkeCa,1998,37,BAL,AL,161,659,601,65,163,27,1,14,61,0,2,51,68,0.271,0.331,0.389,0.721,89,234,9,4,1,2,0
RipkeCa,1999,38,BAL,AL,86,354,332,51,113,27,0,18,57,0,1,13,31,0.34,0.368,0.584,0.952,144,194,14,3,3,3,3
RipkeCa,2000,39,BAL,AL,83,339,309,43,79,16,0,15,56,0,0,23,37,0.256,0.31,0.453,0.763,95,140,10,3,0,4,0
RipkeCa,2001,40,BAL,AL,128,516,477,43,114,16,0,14,68,0,2,26,63,0.239,0.276,0.361,0.637,70,172,15,2,2,9,1
GwynnTo,1982,22,SDP,NL,54,209,190,33,55,12,2,1,17,8,3,14,16,0.289,0.337,0.389,0.726,107,74,5,0,4,1,0
GwynnTo,1983,23,SDP,NL,86,334,304,34,94,12,2,1,37,7,4,23,21,0.309,0.355,0.372,0.726,105,113,9,0,4,3,5
GwynnTo,1984,24,SDP,NL,158,675,606,88,213,21,10,5,71,33,18,59,23,0.351,0.41,0.444,0.853,141,269,15,2,6,2,13
GwynnTo,1985,25,SDP,NL,154,671,622,90,197,29,5,6,46,14,11,45,33,0.317,0.364,0.408,0.773,117,254,17,2,1,1,4
GwynnTo,1986,26,SDP,NL,160,701,642,107,211,33,7,14,59,37,9,52,35,0.329,0.381,0.467,0.848,135,300,20,3,2,2,11
GwynnTo,1987,27,SDP,NL,157,680,589,119,218,36,13,7,54,56,12,82,35,0.37,0.447,0.511,0.958,158,301,13,3,2,4,26
GwynnTo,1988,28,SDP,NL,133,578,521,64,163,22,5,7,70,26,11,51,40,0.313,0.373,0.415,0.787,128,216,11,0,4,2,13
GwynnTo,1989,29,SDP,NL,158,679,604,82,203,27,7,4,62,40,16,56,30,0.336,0.389,0.424,0.813,132,256,12,1,11,7,16
GwynnTo,1990,30,SDP,NL,141,629,573,79,177,29,10,4,72,17,8,44,23,0.309,0.357,0.415,0.772,112,238,13,1,7,4,20
GwynnTo,1991,31,SDP,NL,134,569,530,69,168,27,11,4,62,8,8,34,19,0.317,0.355,0.432,0.787,118,229,11,0,0,5,8
GwynnTo,1992,32,SDP,NL,128,569,520,77,165,27,3,6,41,3,6,46,16,0.317,0.371,0.415,0.786,121,216,12,0,0,3,12
GwynnTo,1993,33,SDP,NL,122,534,489,70,175,41,3,7,59,14,1,36,19,0.358,0.398,0.497,0.895,138,243,18,1,1,7,11
GwynnTo,1994,34,SDP,NL,110,475,419,79,165,35,1,12,64,5,0,48,19,0.394,0.454,0.568,1.022,169,238,20,2,1,5,16
GwynnTo,1995,35,SDP,NL,135,577,535,82,197,33,1,9,90,17,5,35,15,0.368,0.404,0.484,0.888,137,259,20,1,0,6,10
GwynnTo,1996,36,SDP,NL,116,498,451,67,159,27,2,3,50,11,4,39,17,0.353,0.4,0.441,0.842,128,199,17,1,1,6,12
GwynnTo,1997,37,SDP,NL,149,651,592,97,220,49,2,17,119,12,5,43,28,0.372,0.409,0.547,0.957,156,324,12,3,1,12,12
GwynnTo,1998,38,SDP,NL,127,505,461,65,148,35,0,16,69,3,1,35,18,0.321,0.364,0.501,0.865,133,231,14,1,0,8,6
GwynnTo,1999,39,SDP,NL,111,446,411,59,139,27,0,10,62,7,2,29,14,0.338,0.381,0.477,0.858,124,196,15,2,0,4,5
GwynnTo,2000,40,SDP,NL,36,140,127,17,41,12,0,1,17,0,1,9,4,0.323,0.364,0.441,0.805,110,56,4,1,0,3,2
GwynnTo,2001,41,SDP,NL,71,112,102,5,33,9,1,1,17,1,0,10,9,0.324,0.384,0.461,0.845,127,47,1,0,0,0,1
OzzieSm,1978,23,SDP,NL,159,668,590,69,152,17,6,1,46,40,12,47,43,0.258,0.311,0.312,0.623,82,184,11,0,28,3,0
OzzieSm,1979,24,SDP,NL,156,649,587,77,124,18,6,0,27,28,7,37,37,0.211,0.26,0.262,0.522,48,154,11,2,22,1,5
OzzieSm,1980,25,SDP,NL,158,712,609,67,140,18,5,0,35,57,15,71,49,0.23,0.313,0.276,0.589,71,168,9,5,23,4,1
OzzieSm,1981,26,SDP,NL,110,507,450,53,100,11,2,0,21,22,12,41,37,0.222,0.294,0.256,0.549,62,115,8,5,10,1,1
OzzieSm,1982,27,STL,NL,140,567,488,58,121,24,1,2,43,25,5,68,32,0.248,0.339,0.314,0.653,84,153,10,2,4,5,12
OzzieSm,1983,28,STL,NL,159,626,552,69,134,30,6,3,50,34,7,64,36,0.243,0.321,0.335,0.657,82,185,10,1,7,2,9
OzzieSm,1984,29,STL,NL,124,484,412,53,106,20,5,1,44,35,7,56,17,0.257,0.347,0.337,0.684,95,139,8,2,11,3,5
OzzieSm,1985,30,STL,NL,158,615,537,70,148,22,3,6,54,31,8,65,27,0.276,0.355,0.361,0.716,101,194,13,2,9,2,11
OzzieSm,1986,31,STL,NL,153,609,514,67,144,19,4,0,54,31,7,79,27,0.28,0.376,0.333,0.709,98,171,9,2,11,3,13
OzzieSm,1987,32,STL,NL,158,706,600,104,182,40,4,0,75,43,9,89,36,0.303,0.392,0.383,0.775,105,230,9,1,12,4,3
OzzieSm,1988,33,STL,NL,153,669,575,80,155,27,1,3,51,57,9,74,43,0.27,0.35,0.336,0.686,98,193,7,1,12,7,2
OzzieSm,1989,34,STL,NL,155,664,593,82,162,30,8,2,50,29,7,55,37,0.273,0.335,0.361,0.696,97,214,10,2,11,3,3
OzzieSm,1990,35,STL,NL,143,592,512,61,130,21,1,1,50,32,6,61,33,0.254,0.33,0.305,0.635,77,156,8,2,7,10,4
OzzieSm,1991,36,STL,NL,150,641,550,96,157,30,3,3,50,35,9,83,36,0.285,0.38,0.367,0.747,112,202,8,1,6,1,2
OzzieSm,1992,37,STL,NL,132,590,518,73,153,20,2,0,31,43,9,59,34,0.295,0.367,0.342,0.708,105,177,11,0,12,1,4
OzzieSm,1993,38,STL,NL,141,603,545,75,157,22,6,1,53,21,8,43,18,0.288,0.337,0.356,0.693,89,194,11,1,7,7,1
OzzieSm,1994,39,STL,NL,98,433,381,51,100,18,3,3,30,6,3,38,26,0.262,0.326,0.349,0.675,78,133,3,0,10,4,3
OzzieSm,1995,40,STL,NL,44,182,156,16,31,5,1,0,11,4,3,17,12,0.199,0.282,0.244,0.526,42,38,6,2,5,2,0
OzzieSm,1996,41,STL,NL,82,261,227,36,64,10,2,2,18,7,5,25,9,0.282,0.358,0.37,0.728,94,84,5,2,7,0,0
McGriFr,1986,22,TOR,AL,3,5,5,1,1,0,0,0,0,0,0,0,2,0.2,0.2,0.2,0.4,8,1,0,0,0,0,0
McGriFr,1987,23,TOR,AL,107,356,295,58,73,16,0,20,43,3,2,60,104,0.247,0.376,0.505,0.881,130,149,3,1,0,0,4
McGriFr,1988,24,TOR,AL,154,623,536,100,151,35,4,34,82,6,1,79,149,0.282,0.376,0.552,0.928,157,296,15,4,0,4,3
McGriFr,1989,25,TOR,AL,161,680,551,98,148,27,3,36,92,7,4,119,132,0.269,0.399,0.525,0.924,165,289,14,4,1,5,12
McGriFr,1990,26,TOR,AL,153,658,557,91,167,21,1,35,88,5,3,94,108,0.3,0.4,0.53,0.93,153,295,7,2,1,4,12
McGriFr,1991,27,SDP,NL,153,642,528,84,147,19,1,31,106,4,1,105,135,0.278,0.396,0.494,0.89,147,261,14,2,0,7,26
McGriFr,1992,28,SDP,NL,152,632,531,79,152,30,4,35,104,8,6,96,108,0.286,0.394,0.556,0.95,165,295,14,1,0,4,23
McGriFr,1993,29,TOT,NL,151,640,557,111,162,29,2,37,101,5,3,76,106,0.291,0.375,0.549,0.924,144,306,14,2,0,5,6
McGriFr,1993,29,SDP,NL,83,349,302,52,83,11,1,18,46,4,3,42,55,0.275,0.361,0.497,0.858,127,150,9,1,0,4,4
McGriFr,1993,29,ATL,NL,68,291,255,59,79,18,1,19,55,1,0,34,51,0.31,0.392,0.612,1.004,165,156,5,1,0,1,2
McGriFr,1994,30,ATL,NL,113,478,424,81,135,25,1,34,94,7,3,50,76,0.318,0.389,0.623,1.012,157,264,8,1,0,3,8
McGriFr,1995,31,ATL,NL,144,604,528,85,148,27,1,27,93,3,6,65,99,0.28,0.361,0.489,0.85,119,258,19,5,0,6,6
McGriFr,1996,32,ATL,NL,159,691,617,81,182,37,1,28,107,7,3,68,116,0.295,0.365,0.494,0.859,120,305,20,2,0,4,12
McGriFr,1997,33,ATL,NL,152,641,564,77,156,25,1,22,97,5,0,68,112,0.277,0.356,0.441,0.797,106,249,22,4,0,5,4
McGriFr,1998,34,TBD,AL,151,649,564,73,160,33,0,19,81,7,2,79,118,0.284,0.371,0.443,0.815,111,250,14,2,0,4,9
McGriFr,1999,35,TBD,AL,144,620,529,75,164,30,1,32,104,1,0,86,107,0.31,0.405,0.552,0.957,142,292,12,1,0,4,11
McGriFr,2000,36,TBD,AL,158,664,566,82,157,18,0,27,106,2,0,91,120,0.277,0.373,0.452,0.826,110,256,16,0,0,7,10
McGriFr,2001,37,TOT,MLB,146,586,513,67,157,25,2,31,102,1,2,66,106,0.306,0.386,0.544,0.93,144,279,13,3,0,4,13
McGriFr,2001,37,TBD,AL,97,385,343,40,109,18,0,19,61,1,1,40,69,0.318,0.387,0.536,0.923,144,184,7,0,0,2,9
McGriFr,2001,37,CHC,NL,49,201,170,27,48,7,2,12,41,0,1,26,37,0.282,0.383,0.559,0.942,145,95,6,3,0,2,4
McGriFr,2002,38,CHC,NL,146,595,523,67,143,27,2,30,103,1,2,63,99,0.273,0.353,0.505,0.858,125,264,13,4,0,5,6
McGriFr,2003,39,LAD,NL,86,329,297,32,74,14,0,13,40,0,0,31,66,0.249,0.322,0.428,0.75,99,127,7,1,0,0,4
McGriFr,2004,40,TBD,AL,27,81,72,7,13,3,0,2,7,0,0,9,19,0.181,0.272,0.306,0.577,53,22,1,0,0,0,2
BoggsWa,1982,24,BOS,AL,104,381,338,51,118,14,1,5,44,1,0,35,21,0.349,0.406,0.441,0.847,128,149,9,0,4,4,4
BoggsWa,1983,25,BOS,AL,153,685,582,100,210,44,7,5,74,3,3,92,36,0.361,0.444,0.486,0.931,150,283,15,1,3,7,2
BoggsWa,1984,26,BOS,AL,158,726,625,109,203,31,4,6,55,3,2,89,44,0.325,0.407,0.416,0.823,125,260,13,0,8,4,6
BoggsWa,1985,27,BOS,AL,161,758,653,107,240,42,3,8,78,2,1,96,61,0.368,0.45,0.478,0.928,151,312,20,4,3,2,5
BoggsWa,1986,28,BOS,AL,149,693,580,107,207,47,2,8,71,0,4,105,44,0.357,0.453,0.486,0.939,157,282,11,0,4,4,14
BoggsWa,1987,29,BOS,AL,147,667,551,108,200,40,6,24,89,1,3,105,48,0.363,0.461,0.588,1.049,174,324,13,2,1,8,19
BoggsWa,1988,30,BOS,AL,155,719,584,128,214,45,6,5,58,2,3,125,34,0.366,0.476,0.49,0.965,168,286,23,3,0,7,18
BoggsWa,1989,31,BOS,AL,156,742,621,113,205,51,7,3,54,2,6,107,51,0.33,0.43,0.449,0.879,142,279,19,7,0,7,19
BoggsWa,1990,32,BOS,AL,155,713,619,89,187,44,5,6,63,0,0,87,68,0.302,0.386,0.418,0.804,122,259,14,1,0,6,19
BoggsWa,1991,33,BOS,AL,144,641,546,93,181,42,2,8,51,1,2,89,32,0.332,0.421,0.46,0.881,140,251,16,0,0,6,25
BoggsWa,1992,34,BOS,AL,143,598,514,62,133,22,4,7,50,1,3,74,31,0.259,0.353,0.358,0.711,96,184,10,4,0,6,19
BoggsWa,1993,35,NYY,AL,143,644,560,83,169,26,1,2,59,0,1,74,49,0.302,0.378,0.363,0.74,104,203,10,0,1,9,4
BoggsWa,1994,36,NYY,AL,97,434,366,61,125,19,1,11,55,2,1,61,29,0.342,0.433,0.489,0.922,142,179,10,1,2,4,3
BoggsWa,1995,37,NYY,AL,126,541,460,76,149,22,4,5,63,1,1,74,50,0.324,0.412,0.422,0.834,119,194,13,0,0,7,5
BoggsWa,1996,38,NYY,AL,132,574,501,80,156,29,2,2,41,1,2,67,32,0.311,0.389,0.389,0.778,98,195,10,0,1,5,7
BoggsWa,1997,39,NYY,AL,104,407,353,55,103,23,1,4,28,0,1,48,38,0.292,0.373,0.397,0.769,102,140,3,0,2,4,3
BoggsWa,1998,40,TBD,AL,123,483,435,51,122,23,4,7,52,3,2,46,54,0.28,0.348,0.4,0.748,94,174,13,0,0,2,6
BoggsWa,1999,41,TBD,AL,90,334,292,40,88,14,1,2,29,1,0,38,23,0.301,0.377,0.377,0.754,94,110,14,0,0,4,2
